Albinoni, Adagio in G Minor
Offenbach, Barcarolle
Bach, Ave Maria
Bach, Cello Suite No 1 in G
Bach, Partita 2 BWV 1004
Bach, Violin Sonatas and Partitas BWV 1001 1006
Beethoven, 5th Piano Concerto 'Emperor'
Beethoven, Cello Sonata No 3 in A major Op 69
Beethoven, Choral Fantasy
Beethoven, Moonlight Sonata
Beethoven, Overture Coriolan
Beethoven, Piano Concerto No 3 in C minor Op 37
Beethoven, Sonata No 29 in B flat Major Hammerklavier
Beethoven, Symphony No 8
Beethoven, Violin Concerto in D Major Op 61
Beethoven, Piano Sonata No 23 'Appassionata' Op 57
Beriot, 1st violin concerto
Beriot, 2nd violin concerto mvt1.1
Beriot, 2nd violin concerto mvt1.2
Beriot, 2th violin concerto mvt2 + 3
Beriot, 3rd violin concerto mvt1
Beriot, 3rd violin concerto mvt2 + 3
Beriot, 4th violin concerto mvt1
Beriot, 4th violin concerto mvt2 + 3
Beriot, 5th violin concerto mvt1
Beriot, 5th violin concerto mvt2 + 3
Beriot, 8th violin concerto mvt1.1
Beriot, 8th violin concerto mvt1.2 + 2
Beriot, 8th violin concerto mvt3
Beriot, mvt1+2 9th violin concerto
Beriot, mvt3 9th violin concerto
Beriot, Prélude ou Improvisation op post for solo violin
Beriot, Scene de Ballet op100 
Beriot, Concerto No 7 in G major Op 76
Brahms, Symphony No.3
Brahms, Cello Sonata No 1 in E minor Op 38
Brahms, Hungarian Dances
Bruch, Scottish Fantasy in E flat major Op 46
Bruch, Violin Concerto no 1 G minor
DAVID GARRETT, Child's Anthem   
Chopin, Mazurka Op 67 No 3
Chopin, Waltz Inz E Minor
Chopin, Waltz Op 70 No 1 in G flat
Chopin, Waltz Op 70 No 2 in F minor
Chopin, 19 Nocturnes
Chopin, 24 Preludes Op28
Chopin, Cello Sonata in G minor Op 65
Chopin, Mazurkas
Chopin, Fantaisie Impromptu Op 66
Chopin, Marcia funebre Sonata n 2 op 35
Chopin, Mazurka Op 67 No 2
Chopin, Nocturne in C Sharp Minor
Chopin, Nocturne Op 15 No 3 in G minor
Chopin, Nocturne Op 27 No 2
Chopin, Nocturne Op37 No2
Chopin, Nocturne Op48 No1
Chopin, Nocturne Op 9 n 2
Chopin,  Nocturne op 9 no 1 in B flat minor
Chopin, Piano Concerto No 1
Chopin, Polonaise Op 53 
Chopin, Prelude No 15 In D Flat Major
Chopin, 19 Waltzes 
Chopin, Scherzo No 2 Op 31
Chopin, Waltz Op 64 No 2
Debussy, Images
Debussy, Arabesque I 
Debussy, Ballade
DEBUSSY, CLAIR DE LUNE
Debussy, Mazurka 
Debussy, Nocturne
Debussy, Rêverie
Debussy, Six Épigraphes antiques 
Debussy, Valse Romantique
Dvorak, Romance for piano and violin Op11
Dvorak, Slavonic Dance No 6
Dvořák, String Quartet No 12 in F major Op 96 'American'
Grieg, String Quartet No 1 in G Minor Op 27
Grieg, In the Hall of the Mountain King
Enrico_Caruso, Addio Mia Bella Napoli
Enrico_Caruso, Amor Mio
Enrico_Caruso, A vucchella
Enrico_Caruso, Celeste Aida 1911
Enrico_Caruso, Core 'ngrato
Enrico_Caruso, Donna non vidi mai 
Enrico_Caruso, E lucevan le stelle 1904 
Enrico_Caruso, Fenesta che lucive 
Enrico_Caruso, Ideale (1906)
Enrico_Caruso, I`m'arricordo 'e Napule 
Enrico_Caruso, La Bohème Che Gelida Manina 
Enrico_Caruso, Mamma mia che vo'sape'
Enrico_Caruso, Mamma quel vino è generoso
Enrico_Caruso, M'appari' tutt'amor
Enrico_Caruso, Musica proibita
Enrico_Caruso, O Lola (Cavalleria rusticana)
Enrico_Caruso, O Sole Mio
Enrico_Caruso, Over There
Enrico_Caruso, Recondita armonia
Enrico_Caruso, Rigoletto Bella Figlia dell'amore
Enrico_Caruso, Santa Lucia
Enrico_Caruso, Tosca Recondita armonia
Enrico_Caruso, Una Furtiva Lagrima
Enrico_Caruso, Un Di All'azzurro Spazio 
Enrico_Caruso, Vaghissima sembianza
Enrico_Caruso, Vesti la giubba
Enrico_Caruso, Vieni sul mar
Gershwin, Rhapsody in Blue
György Orbán Balzene, Suite for Strings
Haydn, Cello Concerto No1 in C Major
Berlioz, Symphonie Fantastique
liszt, Liebestraum No 3 in A flat Major
Liszt, Années de pèlerinage   II Italia   1 Sposalizio
Liszt, Bénédiction de Dieu dans la solitude
Liszt, Consolation D flat major  No3
Liszt, Consolations I et II
Liszt, Hungarian Rhapsody No 2
Liszt, Hungarian Rhapsody No2 Orchestra
Liszt, Three Concert Etudes S144 No3 'Un Sospiro'
Locatelli, Concerti Grossi Op I
Locatelli, l'arte del violino op 3 concerto no 10 in F major
Locatelli, l'arte del violino op 3 concerto no 11 in A major
Locatelli, l'arte del violino op 3 concerto no 12 in D major
Locatelli, l'arte del violino op 3 concerto no 1 in D major
Locatelli, l'arte del violino op 3 concerto no 2 in C major
Locatelli, l'arte del violino op 3 concerto no 3 in A major
Locatelli, l'arte del violino op 3 concerto no 4 in E major
Locatelli, l'arte del violino op 3 concerto no 5 in C major
Locatelli, l'arte del violino op 3 concerto no 6 in G minor
Locatelli, l'arte del violino op 3 concerto no 7 in B flat major
Locatelli, l'arte del violino op 3 concerto no 8 in E minor
Locatelli, l'arte del violino op 3 concerto no 9 in G major
Locatelli, Concerto II in Do minore ' opIII
Locatelli, Violin Concerto op3 no12
Bizet, L'amour Est Un Oiseau Rebelle
Massenet, Meditation thais
Mendelssohn, Lieder ohne Worte   Gieseking
Mendelssohn, Violin Concerto in e minor op 64
Mozart, Piano Concerto No 21 in C major K 467
Mozart,  Piano Concerto No23 (K 488) II Adagio
Mozart, Symphony No 25 in G minor K 183
Mozart, Symphony No 39 in E flat K 543 
Mozart, Piano Concerto no 20 K 466 
Ornstein, Piano Quintet 3rd mvt
Paganini, Caprice No 24
Paganini, Duo Merveille
Paganini, I Palpiti
Paganini, La Campanella
Paganini, Nel cor più non mi sento for violin
Paganini, The Carnival of Venice
Paganini, The Infant Fantasia
Paganini, Variations on God save the Queen op9 violin solo
Paganini, Violin Concerto 1
Paganini, Violin Concerto No 3
Verdi, Il Barbiere di Siviglia
Verdi, La rivedra nell'estasi
Puccini, Nessun Dorma
Leoncavallo, Ridi Pagliaccio
Donizetti, Una furtiva lagrima L'elisir d'amore
Nabucco, Va Pensiero
Nardini, Violin Concertos
Rachmaninoff, Prelude Op23 No10 in G flat major
Rachmaninoff, 10 Preludes Op23
Rachmaninoff, Elegie Op 3 No 1
Rachmaninoff, Piano Concerto no2 op18
Rachmaninoff, Rhapsody on a Theme of Paganini Op 43 Variation 18
Rachmaninoff, vocalise
Ravel, Bolero
Ravel, La Valse
Rieding, Concertino op21 in A minor in Hungarian style
Korsakov, Ouverture Russisch Paasfeest
Schumann, Träumerei
Rossini, La gazza ladra
Saint_Saëns, Sinfonia n 1 Op 2
Saint_Saëns, Introduction + Rondo Capriccioso op 28
Saint_Saëns, Danse Macabre for Violin  Piano
Saint_Saëns, The Carnival of the Animals
Saint_Saëns, op 28 violin
Saint_Saëns, Symphony No 3 in C minor Op 78
Saint_Saëns, The Swan
Sarasate, Capricho vasco Op 24
Sarasate, Carmen Fantasy
Sarasate, Spanish Dances No1 Malaguena Op 21
Sarasate, Spanish Dances op22 no1 Romanza Andaluza
Sarasate, Zigeunerweisen
Schubert, String Quartet No14 in D minor
Schubert Liszt, Ständchen Serenade
Schubert, 4 Impromptus D 899  Op 90
Schubert, Piano Sonata No 16 D 845 A minor 
Schubert, Piano Sonata No 17 D 850 D major 
Schubert, Piano Sonata No 20 D 959 in A major 
Schubert, Piano Sonata No 21 D 960 in B flat major 
Schubert, Piano Trio No 2 in E flat major D 929 2nd mvt
SCHUBERT, SERENADE
Sibelius, Symphony 5
Sibelius, Valse Triste op 44 no 1
Sibelius, Violin concerto
Hauser, Mon coeur s'ouvre a ta voix
Johann_Strauss_II, Accelerationen op 234
Johann_Strauss_II, Annen Polka op 117
Johann_Strauss_II, An Der Schönen Blauen Donau
Johann_Strauss_II, An Artist's Life
Johann_Strauss_II, Pizzicato Polka
Johann_Strauss_II, Rosen aus dem Süden Walzer Op 388
Johann_Strauss_II, Seid Umschlungen Millionen Walzer Op 443
Johann_Strauss_II, Tausend und Eine Nacht Walzer op 346
Johann_Strauss_II, Vienna Blood Waltz
Johann_Strauss_II, Voices of Spring Waltz
Johann_Strauss_II, Wiener Bonbons Walzer op 307
Johann_Strauss_I, Radetzky Marsch Op 228
Johann_Strauss_II, Love Songs
Johann_Strauss_II, Tritsch Tratsch Polka
Johann_Strauss_II, Leichtes Blut Op 139
Johann_Strauss_II, Emperor Waltz Op 437
Johann_Strauss_II, G'schichten aus dem Wienerwald
Tartini, Sonata per violino in sol minore 'Il Trillo del Diavolo'
Tchaikovsky, Serenade op48
Tchaikovsky, The Nutcracker Suite Op 71a
Tchaikovsky, Valse Sentimentale
Tchaikovsky, Violin Concerto in D major Op 35
Arensky, Variations on a Theme by Tchaikovsky Op 35
Vieuxtemps, Henry Fantasia Appassionata opus 35
Vitali, Chaconne
Vivaldi, L'Autunno
Vivaldi, Winter
Vivaldi, Spring
Vivaldi, Summer
Wieniawski, 8 Etudes Caprices op10
Wieniawski, op15 Variations on an original theme for violin + piano
Wieniawski, op18 for 2 violins
Wieniawski, op20 Fantaisie brillante Faust for violin and orchestra
Wieniawski, op6 Souvenir de Moskou
Wieniawski, Polonaise de concert No 1 in D major Op 4
, Das haett es frueher nicht gegeben #18
, Das haett es frueher nicht gegeben #19
Aérotique, Regen auf Asphalt
Aérotique, Schöne Neue Welt
Aérotique, Stadtkind
Aérotique, Über den Wolken
AKA_AKA Thalstroem, Relajate
Ambition², Evolution
Ambition², Surreal
Ambition², Times have changed
Ambition²,  Ensonge Augurium
Andhim, 55555
Andhim, Bermudachords
Andhim, Wallace
Aparde, Amnesie
Aparde, Eintausend Krieger
Aparde, Freiraum
Aparde, Komplex 
Aparde, mix BabelNewYork 3
Aparde, Molekular
Aparde, Other People
Aparde, Scherbensucher 
Aparde, Weltfremd
Aparde, Wind In Den Duenen 
Bacalao, Sonne My Heart
Bakermat, Vandaag 
Basic_House Little_Helper, Ice Pop
Ben_E Gem_Club, Twins
Ben_E, Paranoid 
Ben_E Moby, Why Does My Heart Feel So Bad
Bon_Iver David_Keller, I can't make you love me
Bonobo, Cirrus
Burial Four_Tet, Moth
Canoo Good_Luck, Whiskey Alpha Five
Carl_Craig Christian_Smith, At Les
Chet_Faker, The Temper Trap Trembling Hands
Christian_Löffler Colo, Holidays
Christian_Löffler, Groove Podcast 75
Christian_Löffler, Veiled Grey 
Christian_Loffler, IA MIX 221
Christian_Löffler Gry Mind_Against, All Comes
Cillo, Breathe
DARKSIDE, Boiler Room NYC
Daughter LCAW, Run
David_K Thomas_Lizzara, Meet You
De_Hofnar Macklemore  Ed_Sheeran, Same Love
De_Hofnar Matt_Nathanson, Love Comes Tumbling Down
De_Hofnar, Vogelvlucht
Disclosure Sam_Smith, Latch 
Electrohertz, Believe
Electrohertz, Dascha
Electrohertz Daughter, Medicine
Electrohertz Daughter, Tomorrow
Electrohertz Julia_Stone, Dear Spring  
Electrohertz, Hammock
electrohertz Stendeck, Happy Little Children Play
Electrohertz Imogen_Heap, Hide & Seek
Electrohertz, Nautica
electrohertz Daughter, Our Children
electrohertz, saw you there thinking about my faults
Electrohertz Keaton_Henson, She need it
Electrohertz Daughter, Snowflakes
Enzo_Bennet, COLOURS
FAUL Wad_Ad, Changes
FELIX_EUL, AUCH
Finkk, Hoffnung
Fink Tale_Of_Us, Make It Good
FlicFlac Edward_Sharpe, The Magnetic Zeros Home
FlicFlac Milky_Chance, Down By The River
Four_Tet, Plastic People
Fritz_Kalkbrenner, Amy was a player
Fritz_Kalkbrenner, Blackmail
Fritz_Kalkbrenner, Brumaire
Fritz_Kalkbrenner, Can't Stand the Fire 
Fritz_Kalkbrenner, Collage
Fritz_Kalkbrenner, Dead End
Fritz_Kalkbrenner, Facing The Sun
Fritz_Kalkbrenner, Grove
Fritz_Kalkbrenner, Kings in Exile
Fritz_Kalkbrenner, Last Call 
Fritz_Kalkbrenner, Layer Cake 
Fritz_Kalkbrenner, Little by little
Fritz_Kalkbrenner, Monte Rosa
Fritz_Kalkbrenner, Right In The Dark
Fritz_Kalkbrenner, Road to Philadelphia
Fritz_Kalkbrenner, Sideways Avenues
Fritz_Kalkbrenner, Thalstroem Blueprint
Fritz_Kalkbrenner Gui_Boratto, Void
Fritz_Kalkbrenner, Void
Fritz_Kalkbrenner, Was Right Been Wrong 
Fritz_Kalkbrenner, Wes
Fritz_Kalkbrenner, What I can say
Fritz_Kalkbrenner, Wichita Lineman
GAMPER_DADONI Katharina_Vogel, Wunder
Henry_Krinkle, Stay
HVOB, Fog Machine 
Hippie_Sabotage Tove_Lo, Stay High
HRN Inopinel Van_Did, Minea 
HVOB, Always Like This 
HVOB, Dogs Official Video
HVOB, Heavy Seas 
HVOB Stimming, Lion
HVOB, Moon 
HVOB, Ocean Bed
Infinity_Ink, Infinity 
James_Vincent_McMorrow Adventure_Club, We Don't Eat
James_Yuill, This Sweet Love
Jan_Blomqvist, Something Says 
johnjon, simple days
Jonas_Mantey, Einfach Sommer
Jonas_Mantey, Frei
Jonas_Mantey, Sie Ist Schn 
Jonas_Mantey, Stille Nacht
Jonas_Mantey, Traumtanzer
Jonas_Mantey, Wie Alles Begann
Joris_Delacroix, Air France LineSession
Joris_Delacroix, Feelings 
Joris_Delacroix, Maeva
Joris_Delacroix, Oui Mais Non
Joris_Delacroix, Slow Love
Joris_Delacroix, Subtil 
Kings_Of_Leon, Closer
Klangkarussell, Keep It Coming
Klangkarussell, Sonnentanz
Klingende, Punga
kPARK, Orku
Lexer Band_of_Horses, The Funeral
Lexer, Dream Love 
Lexer Little_Bird, Feist Caught a Long Wind
Lexer, Red Balloon
Lexer Sorcha_Richardson, Alone
Lianne Shlohmo, La Havas Forget
Listenbee, Save Me
LOCO Message_To_Bears, At The Top Of This Hill
LOCO, quedo 
Loco, Seaside
LOCO, sorry jimi 
LOCO,  Talul As Time Goes By 
Loco Thomas_Scholz, Vela
London_Grammar esteble, Hey Now
Marek_Hemmann, Compass
Marek_Hemmann, DOWN
Marek_Hemmann Fabian_Reichelt, Left
Marek_Hemmann Fabian_Reichelt, Right
MARKUS_TOEPFER, AUGENBLICK MAL
MARKUS_TOEPFER, EINFACH ANDERS
Markus_Toepfer, Floating Feeling
MARKUS_TOEPFER, KALK BRENNEN
MARKUS_TOEPFER, KINDHEITSTRAUM
MARKUS_TOEPFER, LOVESTORY
Markus_Toepfer, Monkeybrain Sanduhr
MARKUS_TOEPFER, QUANTUM QUANTUM
MARKUS_TOEPFER, THE PLACE
MARKUS_TOEPFER, TOMARKA
MARKUS_TOEPFER, WEISSER SAND
MARKUS_TOEPFER, WUNSCH
Markus_Toepfer, Kindheitstraum
Martin_Waslewski, Sir Beach A Lot
mart, Nordlicht
Marvin_Hey Ferdinand_Dreyssig, Coeur De La Nuit
Max_Manie, Sunday
Melokind, Freudentanz
Melokind, Immer Richtung Sonne
Mista_Hope, Triste Sire
mogg xaver_naudacher, moon unit part 2
MONKEYBRAIN, BIOLECTRO
MONKEYBRAIN, FLASCHENPOST
Monkeybrain, Sonnenschein
Mono&Joel, Like Sunday
Mono&Joel, Paul Jackson
Mono&Joel, Still Alive
Moritz_Guhling, Philippe
Mount_Kimbie, Made To Stray
Mr_Little_Jeans Arcade Fire, The Suburbs
MTNS, Lost Track of Time
Nathan_Ael, He Has Chosen Exile
Naxxos, Athens
Nicolas_Jaar, El Bandido
Nicolas_Jaar, I Got A Woman
Nicolas_Jaar, Keep Me There
Nicolas_Jaar, Live at Marcy Hotel Williamsburg NY
Nicolas_Jaar, The Bees Winter Rose
Nicolas_Jaar, Variations
Nicolas_Jaar, What My Last Girl Put Me Through
Nicolas_Jaar, Wouh 
Nicone Sascha_Braemer Narra, Caje
NICO_PUSCH, MEMORIES
Nico_Pusch, You
Nora_En_Pure, Come With Me
N'to Ethereal Worakls, Trauma
Oliver_Koletzki Nagel, The Power Of Rausch
OrangeApfelsine, Denkzettel
OrangeApfelsine, Trinkwasser
Osunlade, Envision
Parra_For_Cuva Egokind, Nuba
Parra_for_Cuva Anna_Naklab, Lines
Parra_For_Cuva Anna_Naklab, Small Flowerd
Parra_for_Cuva Anna_Naklab, Swept away
Parra_for_Cuva, Towards Orange
Parra_for_Cuva, Your inner workings
Stefan_Biniak Passenger, Feather on the Clyde
Paul_Kalkbrenner, Aaron
Paul_Kalkbrenner, Absynthe
Paul_Kalkbrenner, Align The Engine
Paul_kalkbrenner, Altes Kamuffel
Paul_Kalkbrenner, A Million Days
Paul_Kalkbrenner, Atzepeng 
Paul_Kalkbrenner, Azure
Paul_Kalkbrenner, Battery Park
Paul_Kalkbrenner, Bengang
Paul_Kalkbrenner, Gebrunn Gebrunn
Paul_Kalkbrenner, Bright Roller
Paul_Kalkbrenner, Bxig leise 
Paul_Kalkbrenner, Castenets
Paul_Kalkbrenner, Cloud Rider
Paul_Kalkbrenner, Cylence 412 
Paul_Kalkbrenner, Das Gezabel
Paul_Kalkbrenner, Der Ast Spink
Paul_Kalkbrenner, Der Buhold
Paul_Kalkbrenner, Der Stabsvörnern
Paul_Kalkbrenner, Des Stabes Reuse
Paul_Kalkbrenner, Dockyard
Paul_Kalkbrenner, Feed Your Head 
Paul_Kalkbrenner, Fochleise Kassette
Paul_Kalkbrenner, Freund Blase
Paul_Kalkbrenner, Gutes Nitzwerk
Paul_Kalkbrenner, La Mezcla
Paul_Kalkbrenner, Moby Wait For Me
Paul_Kalkbrenner, Moob
Paul_Kalkbrenner, Peet
Paul_Kalkbrenner, Pltscher
Paul_Kalkbrenner, Queer Fellow
Paul_Kalkbrenner, Revolte
Paul_Kalkbrenner, Sascha_Funke Mango
Paul_Kalkbrenner, Schnakeln
Paul_Kalkbrenner, Selber
Paul_Kalkbrenner, Since 77
Paul_Kalkbrenner, Sky And Sand
Paul_Kalkbrenner, Spitz Auge
paul_kalkbrenner, Square 1
Paul_Kalkbrenner, The Night
Paul_Kalkbrenner, The Palisades
Paul_Kalkbrenner, Torching
Paul_Kalkbrenner, Torted
Paul_Kalkbrenner, Train 
Paul_Kalkbrenner, Wir Werden Sehen
Paul_Kalkbrenner, Zulu
Pedestrian, Hoyle Road
peer_kusiv, Gelöt
peer_kusiv, Valküre
peer_kusiv, Hoch-Tief
peer_kusiv Lenny, I Can't stop 
peer_kusiv, Kadamom
peer_kusiv, Klatsche
peer_kusiv, Knallt Rein
peer_kusiv, Mental
peer_kusiv, Natur & Techno
Peer_Kusiv Bedouin_Soundclash, Brutal Hearts
Kimbra Peer_Kusiv, Settle Down
Lenny Peer_Kusiv,  9
Peer_Kusiv, I Can´t
Peer_Kusiv, I´m Coming Home
Peer_Kusiv, Let Her Got
Peer_Kusiv, Like This
Peer_Kusiv, Locked Out
Peer_Kusiv, Rivers
Peer_Kusiv, Schweden
Peer_Kusiv, Someone Told Me
Peter_&_his_Girl, Up the Sky
Peter_Reinhardt, Black Rabbit
Peter_Reinhardt, Early Bird
Peter_Reinhardt, Meloraja
Philipp_Poisel Mirco Niemeier, Halt Mich
Phonothek, Iron Bird
PLAMYODUL, NULL VIER
Planet_Of_Sound, We Are Together
Raffertie, Known
Red_Mystery Ron_Flatter, Jetlands
Revilo, Dream
Ripperton, Random Violence 
Robin_Schulz, Handlebars
Robin_Schulz, Prayer in C
Robin_Schulz, Same
Robin_Schulz, Sunset
Robin_Schulz, Warm Minds 
Robin_Schulz, Willst Du (Bootleg)
Rob_Simonsen Miss_Unique, Red
Rökurro Fejká, Svanur
RomeoFoxtrott, Memories I
Rone, Parade
Ron Flatter, Mantequilla
Royal_Ruv, Pills Coffee
SAILOR_&_I lucas_türschmann, TOUGH LOVE
Sascha_Funke, Chemin Des Figons
Sasch, Ederlezi
Scheinizzl salzach, one more
SDP ANDUSCHUS, EIGENTLICH WOLLTE ER NIE EIN LIEBESLIED SCHREIBEN
Solee, Caillou
Solomun, Gebrueder
Talul, Maya
Ten_Walls, Walking with Elephants 
The_bianca_Story Jan_Blomqvist, Dancing People Are Never Wrong
Theophilus_London andhim, Wine and Chocolates
Tom_Odell Tom_B, Another Love
Tourist, I Can't Keep Up ft Will Heard
Trinity, Beyond Wasted Time
Tube_and_Berger K_Sanders, bring back the love
Wankelmut Emma_Louise, My Head Is A Jungle
Wankelmut, One Day
Watermät, Bullit 
Whithe, Mistakes
Yann_Tiersen Klangkuenstler, Die Elektronische Welt der Amélie
Zoo_Brazil Rasmus_Kellerman, There is Hope
Dast, Skulkyoe
Fritz_Kalkbrenner, Lose
Christian_Löffler Hundreds, Ten Headed Beast
Joris_Voorn Christian_Löffler, So Long
Dave_DK, Fade In
Christian_Löffler, fall
﻿Kiasmos, Bent
Kiasmos, Burnt
Kiasmos, Gaunt
Kiasmos, Lit
Kiasmos, Looped
Kiasmos, Swept
Nils_Frahm, All melody
Nils_Frahm, An Aborted Beginning
Nils_Frahm, Chant
Nils_Frahm, Circling
Nils_Frahm, Familiar live in Prague
Nils_Frahm Landline, For
Nils_Frahm, For you, toilet brushes, more
Nils_Frahm, Four Hands
Nils_Frahm, Hammers
Nils_Frahm, Immerse
NILS_FRAHM, Improvisation 
Nils_Frahm, Improvisations for coughs and a cell phone 
Nils_Frahm, Keep
Nils_Frahm, live at la Villette Sonique
Nils_Frahm, Merry
Nils_Frahm, More 
Nils_Frahm, Ode
Nils_Frahm, Said And Done 
Nils_Frahm, Says
Nils_Frahm, Some
Nils_Frahm, Wall
DJ_Fresh Sian_Evans, Louder
Example, Stay Awake
Example Wideboys, Won't Go Quietly
Jonwayne Sigma_Head, Bowser I
Massive_Attack Clark, Redlight
Modestep, Feel Good
Modestep, Sunlight
Rone, Ouija
Fatboy Slim, Praise You
Fatboy Slim, Right Here, Right Now
Chet_Faker, Cigarettes and Chocolate
Chet_Faker, Cigarettes  Loneliness
Chet_Faker, House Atriedes
Chet_Faker, I'm Into You
Chet_Faker, Jeans  Wallet
Chet_Faker Kilo_Kish, Melt
Chet_Faker, No Diggity
Chet_Faker, To Me
Flume Chet_Faker, Drop the Game
Flume Chet_Faker, Gold
Flume, Depth Charge
Flume Disclosure, You Me
Flume, Free
Flume, Heater
Flume, Helix
Flume, Holdin On
Flume Kučka, Hyperreal
Flume AlunaGeorge, Innocence
Flume Chet_Faker, Left Alone
Flume MNDR, Like Water
Flume Kai, Never Be Like You
Flume, Pika
Flume, Quirk
Flume, Collarbones Turning
Flume, Hermitude HyperParadise
Flume Lorde, Tennis Court
Flume Matt_Miller Kilter, Gravel Pit
Flume Orna, The Anthem
Flume, Yolanda Be Cool
Flume Seekae, Test & Recognise
Flume Rustie, Slasherr
Flume Andrew_Wyatt, Some Minds
Flume Little_Dragon, Take a Chance
Flume Isabella Manfredi TRUST, 
Flume, Warm Thoughts
Flume Moses_Sumney, Weekend feat 
Major_Lazer Amber What_So_Not, Get Free
Flume Chet_Faker, Drop the Game
Jamie_xx, Far Nearer
The_xx, Angels
The_xx, Chained
The_xx, Do You Mind
The_xx, Fantasy
The_xx, Heart Skipped A Beat
The_XX, Hot Like Fire
The_XX, Infinity
The_XX, Intro
The_xx, Missing
The_XX, Night Time
The_xx, Our Song
The_xx, Reunion
The_XX, Stars
The_xx, Sunset
The_xx, Swept Away
The_xx, Tides
The_xx, Together
The_XX, Try
The_xx, Unfold
The_xx, VCR
the_XX, Shelter
Son Lux, Change Is Everything
Son Lux, Claws
Son Lux, Do
Son Lux, Easy
Son Lux, Lanterns Lit
Son Lux, You Don't Know Me
Apparat, AshBlack Veil
Apparat, A Violent Sky
Apparat, Candil De La Calle
Apparat, Circles
Apparat, KF Thema (Pizzicato)
Apparat, Lighton
Apparat, Retina
Apparat, Sayulita
Apparat, Song of Los
Apparat, The Soft Voices Die
Apparat, Trees
Jamie_xx, All Under One Roof Raving
Jamie_xx, Gosh (Official Music Video)
Jamie_xx, Obvs
Jamie_xx, Sleep Sound
Jamie_xx Four_Tet, Lion
Jon_Hopkins Moderat, Abandon Window
Jon_Hopkins, Autumn Hill
Jon_Hopkins, Breathe This Air feat Purity Ring
Jon_Hopkins, Form by Firelight
Jon_Hopkins, Immunity
Jon_Hopkins, Purity Ring
Jon_Hopkins, Sun Harmonics
Jon_Hopkins, The Low Places
Jon_Hopkins, The Wider Sun
Jon_Hopkins, Vessel
Jon_Hopkins, We Disappear
Moderat, A New Error
Moderat, Damage Done
Moderat, GITA
Moderat, Last Time
Moderat, Let In The Light
Moderat, Milk
Moderat, Porc1
Moderat, Porc no2
Moderat, Rusty Nails
Moderat, Therapy
Moderat, This Time
The_XX, Basic Space
The_XX Jonas_Woehl, Stars
The_xx Jamie_xx, Sunset
Michael_Manning, Distort
Voin Oruwu, A-mplification
﻿Wiz_Khalifa, Black And Yellow
Chris_Brown Lil_Wayne Busta_Rhyme, Look At Me Now
Soulja_Boy, Crank That
Eminem, Lil_Wayne, No Love
Eminem, Big Weenie
Eminem Rihanna, Love The Way You Lie
Eminem, Puke
Eminem, Mockingbird
Eminem, 8 Mile
Eminem, Cleaning Out My Closet
eminem, the real slim shady
Eminem, Like Toy Soldiers
Eminem, Lose Yourself
Eminem, My Name Is
Eminem, Not Afraid
Eminem, Beautiful
eminem dido, stan
Eminemm, When I'm Gone
Fabri_Fibra, Troppi limiti
Fabri_Fibra, Che casino
Fabri_Fibra, Le ragazze (feat. Nesli)
Crookers Dargen_D'Amico Fabri_Fibra, FESTA
Fabri_Fibra, Bugiardo
Fabri_Fibra, Che Cazzata
Fabri_Fibra, Vip In Trip
Fabri_Fibra, Tranne Te
Fabri_Fibra, In Alto
Fabri_Fibra, Dieci Euro In Tasca
Fabri_Fibra Federico_Zampaglione, Incomprensioni
Fabri_Fibra Daniele_Vit, Chi Vuol Essere Fabri Fibra
Fabri_Fibra Mondo_Marcio, Abbi Fede
Fabri_Fibra, Idee Stupide
Fabri_Fibra, La soluzione
fabri_fibra, Le Donne
Fabri_Fibra, L'uomo Nel Mirino
Fabri_Fibra, Strani Pensieri
Fabri_Fibra, Speak english
fabri_fibra, su le mani
Fabri_Fibra, Vaffanculo Scemo
Tinie_Tempah, Eyes Wide Shut
M.I.A., paper planes
Yung_Berg, Sexy lady
Lunchmoney_Lewis, Bills
Macklemore, Make The Money
Macklemore, My Oh My
MACKLEMORE RYAN_LEWIS, CAN'T HOLD US
MACKLEMORE RYAN_LEWIS,   WHITE WALLS
Macklemore, Ten Thousand Hours
Macklemore, Victory Lap
MACKLEMORE RYAN_LEWIS FENCES, OTHERSIDE
Macklemore Ryan_Lewis, WINGS
Pharrell_Williams, Freedom
﻿Afrojack, Doing It Right 
Afrojack Quintino, Selecta
afrojack, replica
Afrojack, Rock The House 
Afrojack Shermanology Angger_Dimas Bassjackers Hardwell,  Can't Stop Me RIA
Alesso, Clash
Alesso Paul_Klyde DEVolution Amy_Pearson Paul_Klyde, Good Love
Alesso, Raise Your Head
Alesso Keane, Silenced By The Night
Alesso OneRepublic, If I Lose Myself
Alesso, Years 
Dirty_South Alesso Ruben_Haze, City Of Dreams 
Alesso Lauren_Bennett GoonRock LMFAO, Party Rock Anthem
Sebastian_Ingrosso Alesso, Calling 
Avicii NERVO, You'll Never Be Alone Again
Avicii Salem_Al_Fakir, Silhouettes
Avicii, levels
Avicii, This is so Good
Avicii Deniz_Koyu, Bong Into Darkness
Benny_Benassi, Love Is Gonna Save Us
benny_benassi, finger food
Benny_Benassi Gary_Go, Close To Me
Benni Bennasi In-Grid, In Tango (Benny_Benassi Remix)
Benny_Benassi Dhany, You make me feel
Benny_Benassi 50_Cent, Satisfaction vs In Da Club
Benny_Benassi Gary_Go, Cinema
Benny_Benassi Pump_kin, I am not drunk
Benny_Benassi, Illusion
Benny_Benassi, Put your hands up
Benny_Benassi Jrabbit, Satisfaction
Benny_benassi, Turn me up
Benny_Benassi Marshall_Jefferson, Move Your Body
BLACK_BOX Benny_Benassi, Everybody everybody
Global_Deejays Benny_Benassi, Born To Be Alive
Public_Enemy Benny_Benassi, Bring The Noise
Madonna Benny_Benassi, Celebration
Pink_Is_Punk Benny_Benassi, Perfect Storm 
Benny_Benassi Planet_Funk, Lemonade
Congorock Steve_Angello, Babylon
Congorock, Ivory
Zedd Matthew_Koma Congorock, Spectrum
Afrojack Dada_Life R3hab, Prutataaa
Chuckie Dada_Life, Who Is Ready To Jump
Dada_Life, Don't Stop
Dada_Life, Feed the Dada
Dada_Life, Kick Out The Epic Motherfker
Dada_Life, Rolling Stones T Shirt
Dada_Life, So Young So High
Dada_Life, White Noise Red Meat 
Dan_Black Dada_Life Kid_Cudi, Symphonies
Duck_Sauce Dada_Life, Big Bad Wolf
Kaskade Dada_Life Dan_Black, Ice
Kaskade Dada_Life, Llove
Madonna Dada_Life, Girl Gone Wild
david_guetta chris_willis fergie lmfao, gettin_over_you
kelly_rowland david_guetta, commander
david_guetta chris_willis, gettin_over
Joachim_Garraud David_Guetta, Rock The Choice
david_guetta, everytime we touch
Nicki_Minaj David_Guetta, Turn Me on
david_guetta, memories
david_guetta, toyfriend
Afrojack David_Guetta, Louder Than Words
David_Guetta, Delirious
David_Guetta Akon, Sexy Bitch
David_Guetta Chris_Willis, Love is gone
David_Guetta FloRida, Club Cant Handle Me
David_Guetta Will.I.Am, I Wanna Go Crazy
David_Guetta Rihanna, Whos That Chick 
DAVID_GUETTA, love don't let me go
David_Guetta Nicky_Romero, Metropolis
David_Guetta, Baby when the light
David_Guetta, Delirious
David_Guetta Sia, She Wolf
David_Guetta Tocadisco, Tomorrow Can't Wait
David_Guetta Kelly_Rowland, When Love Takes Over
Flo_Rida David_Guetta Nicky_Romero Sia, Wild Ones
Joachim_Garraud David_Guetta Foremost_Poets Dj_T, Moonraker is freemind
Hard_Rock_Sofa DJ_Squire Max'C Tom_Tyger, Just Can't Stay Away
Hard_Rock_Sofa, Quasar 
Swanky_Tunes Hard_Rock_Sofa, The Edge 
Hardwell Nero, Cobra Promises
Example Hardwell Dannic, Say Nothing
Hardwell, Cobra
Hardwell Dannic, Kontiki 
Hardwell JoeySuki, Munster 
Hardwell Rehab Rene_Amesz, Blue Magic
Hardwell Showtek, How We Do
Hardwell, Spaceman
Hardwell Gotye Tom_Buster, Spaceman I Used To Know
Jake_Shanahan Hardwell Sebastien_Lintz, Passion
Martin_Solveig Kele Hardwell, Ready 2 Go
Nari Milani Otto_Knows Hardwell Thomas_Gold, Million Atoms To Apologize
Hardwell Taio_Cruz Flo_Rida, Hangover
The_Naked_and_The_Famous Tiesto Hardwell, Young Blood
Skrillex, First Of The Year
SKRILLEX, BANGARANG
Skrillex, Make It Bun Dem
NERVO Afrojack,  We're All No One
Steve_Aoki Angger_Dimas Iggy_Azalea, Beat Down
Steve_Aoki Wynter_Gordon, Ladi Dadi
Steve_Aoki Zuper_Blahq, I'm in da house
Steve_Aoki Kid_Cudi, Pursuit Of Happiness
Steve_Aoki Laidback_Luke Lil_Jon, Turbulence
Steve_Aoki Sidney_Samson, Wake Up Call
Steve_Aoki Angger_Dimas, Steve Jobs
Steve_Aoki, The Kids Will Have Their Say
The_Bloody_Beetroots Steve_Aoki, WARP
Hard_Rock_Sofa Swanky_Tunes Hardwell Chuckie, Here We Move It 2 The Drum
Swanky_Tunes Max_C, Sending My Love 
Swanky_Tunes Hard_Rock_Sofa, Apogee
Swanky_Tunes Ben_McInerney, Make Some Noise
Swanky_Tunes Peking_Duk James_Mcnally, You Are Like Nobody Else
Swanky_Tunes, Right Now
Swanky_Tunes, Smolengrad
AN21 Max_Vangeli Steve_Angello, H8RS 
Axwell Bob_Sinclar Ron_Carroll, What A Wonderful World
Axwell Ingrosso Angello Laidback_Luke Deborah_Cox, Leave The World Behind
Coldplay Swedish_House_Mafia, Every Teardrop Is A Waterfall
Dirty_South Rudy Axwell, Let It Go
TV_Rock Rudy Axwell, In The Air Remix
Axwell Ivan_Gough Feenixpawl Georgi_Kay, In My Mind
Michael_Calfan Axwell, Resurrection
Miike_Snow Sebastian_Ingrosso Dirty_South, Silvia
Steve_Angello, Knas 
Steve_Angello AN21, Flonko
Steve_Angello AN21, Valodja 
Steve_Angello Hardwell Laidback_Luke Robin_Sm, Be vs Show Me Love
Steve_Angello Laidback_Luke, Gypsy
Steve_Angello, Monday
Steve_Angello, Rave 'n' Roll 
Steve_Angello, Tivoli 
Steve_Angello, Yeah 
Supermode Axwell Steve_Angello, Tell Me Why
Swedish_House_Mafia John Martin,  Don't You Worry Child
Swedish_House_Mafia John Martin,  Save The World Tonight
Swedish_House_Mafia Pharrell_Williams, One 
Swedish_House_Mafia, Greyhound
Swedish_House_Mafia, Miami 2 Ibiza
Swedish_House_Mafia Robin_S Hardwell, Show One Love
swedish_house_mafia, until one
Swedish_House_Mafia Knife_Party, Antidote
Temper_Traps Axwell Dirty_South, Sweet Disposition
Tim_Mason Steve_Angello, The Moment
Tommy_Trash deadmau5 Chris_James, The Veldt
Tommy_Trash Steve_Aoki Wynter_Gordon, Ladi Dadi
Tommy_Trash Lindsey_Ray, Slumber
Tommy_Trash, Cascade
Tommy_Trash, Future Folk 
Tommy_Trash, Monkey See Monkey Do
Tommy_Trash, Ohrwurm 
Tommy_Trash, Reload
Tommy_Trash, Sunrise
Tommy_Trash, The End
Calvin_Harris Scissor_Sisters, Only The Horses
Ludovico_Einaudi, A Fuoco
Ludovico_Einaudi, Al di Là Del Vetro
Ludovico_Einaudi, Ancora
Ludovico_Einaudi, Burning
Ludovico_Einaudi, Dietro Casa
Ludovico_Einaudi, Discovery At Night
Ludovico_Einaudi, divenire
Ludovico_Einaudi, DNA
Ludovico_Einaudi, Due Tramonti
Ludovico_Einaudi, Eden Roc
Ludovico_Einaudi, Elements
Ludovico_Einaudi, Experience
Ludovico_Einaudi, Fairytale
Ludovico_Einaudi, Fly
Ludovico_Einaudi, Fuori dal mondo
Ludovico_Einaudi, Giorni Dispari
Ludovico_Einaudi, I Giorni
Ludovico_Einaudi, Il viaggio d`Inverno
Ludovico_Einaudi, Indaco
Ludovico_Einaudi, In un'altra vita
Ludovico_Einaudi, Lady Labyrinth
Ludovico_Einaudi, La Linea Scura
Ludovico_Einaudi, Leo
Ludovico_Einaudi, Life
Ludovico_Einaudi, Limbo
Ludovico_Einaudi, Luce dei miei occhi
Ludovico_Einaudi, Nightbook
Ludovico_Einaudi, Nuvole Bianche
Ludovico_Einaudi, Nuvole Nere
Ludovico_Einaudi, Oltremare
Ludovico_Einaudi, Brothers 
Ludovico_Einaudi, Questa Volta
Ludovico_Einaudi, Resta Con Me
Ludovico_Einaudi, Reverie
Ludovico_Einaudi, The Tower
Ludovico_Einaudi, Time Lapse
Ludovico_Einaudi, two trees
Ludovico_Einaudi, Una Mattina
Ludovico_Einaudi, Underwood
Ludovico_Einaudi, Walk
Ludovico_Einaudi, Waterways
Ludovico_Einaudi, Vento Di Domani
Ludovico_Einaudi, The Earth Prelude
Max_Richter, Beginning and Ending
Max_Richter, Embers
Max_Richter, Infra
Max_Richter, November
Max_Richter, The Leftovers Piano Theme
Max_Richter, The Twins
Max_Richter, Vivaldi
Max_Richter, Vladimir's Blues
Max_Richter, When She Went Away
Philip_Glass, Closing
Philip_Glass, Escape!
Philip_Glass, Glassworks
Philip_Glass, Mad Rush
Philip_Glass, Metamorphosis
Philip_Glass, Movement II
Philip_Glass, Symphony No 3
Philip_Glass, The Hours Suite   Movement III
Philip_Glass, The Light
Philip_Glass,  The Poet Acts
philip_glass, violin concerto 2nd movement
Philip_Glass, Violin Concerto No1
Arvo_Pärt, Darf Ich
Arvo_Pärt, Festina Lente
Arvo_Pärt, Für Alina
Arvo_Pärt, Lamentate 10 Fragile e Conciliante
Arvo_Pärt, Lamentate 8 Lamentabile
Arvo_Pärt, Lamentate   Pregando
Arvo_Pärt, Mozart Adagio
Arvo_Pärt, Psalom
Arvo_Pärt, Solitudine stato d'animo
Arvo_Pärt, Spiegel im spiegel 
Arvo_Pärt, Spiegel im Spiegel
Arvo_Pärt, Summa for Strings
Arvo_Pärt, Symphony No 4
Arvo_Pärt, Tabula Rasa
Arvo_Pärt, Trisagion for String Orchestra
Arvo_Pärt, Wenn Bach Bienen Gezuchtet Hatte
cinematic_orchestra, arrival of the birds
Cinematic_Orchestra, That Home
Cinematic_Orchestra, Lilac Wine
Cinematic_Orchestra, Transformation
Yann_Tiersen, 7 PM
Yann_Tiersen, 8mm
Yann_Tiersen, Atlantique Nord
Yann_Tiersen, Childhood   1
Yann_Tiersen, Childhood 2
Yann_Tiersen, Comptine d'Un Autre Été
Yann_Tiersen, Déjà loin
Yann_Tiersen, Derniere
Yann_Tiersen, First Rendezvous
Yann_Tiersen, Good Bye Lenin
Yann_Tiersen, I Saw Daddy Today
Yann_Tiersen, J'y suis jamais allé
Yann_Tiersen, La Boulange
Yann_Tiersen, L'Absente
Yann_Tiersen, La Chute
Yann_Tiersen, La Crise
Yann_Tiersen, La Dispute
Yann_Tiersen, La Longue Route
Yann_Tiersen, La Noyée
Yann_Tiersen, La Plage
Yann_Tiersen, La valse d'Amélie
Yann_Tiersen, Le Banquet
Yann_Tiersen, Le Fromveur
Yann_Tiersen, Le Jour d'Avant
Yann_Tiersen, Le Matin
Yann_Tiersen, Le Moulin
Yann_Tiersen, Le Quartier
Yann_Tiersen, Loin des Villes
Yann_Tiersen, Mother And Father
Yann_Tiersen, Mother's Journey
Yann_Tiersen, Naval
Yann_Tiersen, Octobre
Yann_Tiersen, Point Mort
Yann_Tiersen, Point Zero
Yann_Tiersen, Qu'en Reste T Il
Yann_Tiersen, Rue des Cascades
Yann_Tiersen, Summer 78'
Yann_Tiersen, Sur Le Fil
Yann_Tiersen, Watching Lara
, Life in a Day Soundtrack Dawn
, Life in a Day Soundtrack Fireworks and Lanterns
Wim_Mertens, Struggle For Pleasure
Hang_Massive, Once Again
Ezio_Bosso, Six Breaths
﻿The_Asteroids_Galaxy_Tour, The Golden Age
Adele, Turning Tables
Adele, Someone Like You
Adele, Hello
Adele, Skyfall
AWOLNATION, Sail
Bibio Catz_n_Dogz, Lovers Carvings
Carol_Anne_McGowan, Songs From a Cellar
Carol_Anne_McGowan, I'll Be Seeing You
Carol_Anne_McGowan, Liar for Love
Carol_Anne_McGowan, Mad Girl's Love Song
Carol_Anne_McGowan, Of Love
Carol_Anne_McGowan, So to the Sea
Carol_Anne_McGowan, The Hours
Carol_Anne_McGowan, Till My Dreamin's Done
Cat_Power, Werewolf
Coldplay, Always In My Head
Coldplay, Another's Arms
Coldplay, Atlas
Coldplay, Cemeteries of London
Coldplay, Charlie Brown
Coldplay, Clocks
coldplay, death and all his friends
Coldplay, Don't let it break your heart
Coldplay, Every Teardrop Is A Waterfall
Coldplay, Fix You
Coldplay, Gravity
Coldplay, Ink
Coldplay Jay_Z, Lost
Coldplay, Magic
Coldplay, Midnight
Coldplay, Moving To Mars
Coldplay, Oceans
Coldplay, Beautiful World
Coldplay, Clocks
Coldplay, Shiver
Coldplay, Talk
Coldplay, Trouble
Coldplay, Violet Hill
Coldplay, Viva_La_Vida
Coldplay, Yellow
Coldplay, O
Coldplay, Politik
Coldplay, Strawberry Swing
Coldplay, Swallowed In The Sea
Coldplay, The Scientist
Coldplay, Trouble
Coldplay, True Love
Coldplay, Ufo
Coldplay, Up In Flames
Coldplay, Up With the Birds
Coldplay, Us Against the World
Coldplay, What If
David_Garrett, Viva La Vida
Daughter, Amsterdam
Daughter, Candles
Daughter, Landfill
Daughter, Lifeforms
Daughter, Love
Daughter Bon_Iver, Perth
Daughter, Shallows
Daughter, Smother
Daughter, Still
Daughter, The Woods
Daughter, tomorrow
Daughter, Touch
Daughter, Winter
Daughter, Youth
Florence_And_The_Machine, All This And Heaven Too Good Quality
Florence_and_The_Machine, Heartlines
Florence_And_The_Machine, I'm not calling you a liar
Florence_and_The_Machine, Leave my body   
Florence_and_The_Machine, Lover to lover  
Florence_and_The_Machine, Seven Devils
Florence_and_The_Machine, Swimming
Florence_and_The_Machine, Addicted To Love
Florence_and_The_Machine, Bedroom Hymns
Florence_and_The_Machine, Between two lungs
Florence_and_The_Machine, Cosmic Love
Florence_and_The_Machine, Dog Days Are Over
Florence_and_The_Machine, Landscape
Florence_and_The_Machine, Never Let Me Go
Florence_and_The_Machine, Rabbit Heart 
Florence_and_The_Machine, Shake It Out
Florence_and_The_Machine, Spectrum
Florence_and_The_Machine, Strangeness and Charm
Florence_and_The_Machine, Take Care
Florence_and_The_Machine, What The Water Gave Me
Florence_and_The_Machine, You've Got the Love
Florence_And_The_Machine, Howl 
Florence_and_The_Machine, Breath of Life
Fun Janelle_Mone, We Are Young
Goodwill  Hook_&_Sling, Take You Higher
Gotye Kimbra, Somebody That I Used To Know
Icona_Pop, I Love It
John_Legend, Who Did That To You
Kleerup, I Just Want To Make That Sad Boy Smile
Kleerup Lykke_Li, Until we bleed (HQ)
Kovacs, 50 Shades of Black
Kovacs, Diggin
Kovacs, I've Seen That Face Before
Kovacs, My Love
Kovacs, The Devil You Know 
Kovacs, When The Lady's Hurt
Kovacs, Night Of The Nights
Kovacs, Wolf In Cheap Clothes
Lana_Del_Rey, Blue Jeans
Lana_del_Rey, Carmen
Lana_Del_Rey, Chelsea Hotel No 2
Lana_Del_Rey, Once Upon A Dream
Lana_Del_Rey, Pawn Shop Blues
Lana_Del_Rey, Put Me in a Movie
Lana_Del_Rey, Ride
Lana_del_Rey Asadinho, Summertime Sadness
Lana_Del_Rey, Summertime Sadness
Lana_Del_Rey, Video Games
Lana_Del_Rey,  Without You
Mario Biondi, Handful of Soul
Milky_Chance, Down by the River
Milky_Chance, Feathery
Milky_Chance, Feathery (Slow Version)
Milky_Chance, Flashed Junk Mind
Milky_Chance, Indigo
Milky_Chance, Never mind
Milky_Chance, Running
Milky_Chance, Stolen Dance
Milky_Chance, Stunner
Milky_Chance, Sweet Sun
One_republic, All The Right Moves
One_Republic, Can't Stop
One_Republic, Feel Again
One_Republic, Good Life
One_Republic, Life in Color
One_Republic, Marchin On
One_Republic, Native
One_Republic, Secrets
Shigeru Umebayashi, Yumeji's Theme
SOKO, We Might Be Dead By Tomorrow
Stromae, ave cesaria
Stromae, carmen
Stromae, Formidable
Stromae, Je cours
Stromae, ta fête
Stromae, Te Quiero
﻿MGMT, Kids
Mgmt, Time To Pretend
30_seconds_to_mars, closer to the edge
30_seconds_to_mars, this is war
30_seconds_to_mars, A Beautiful Lie
30_seconds_to_mars, From Yesterday
30_seconds_to_mars, Kings And Queens
Blink_182, Dumpweed
Blink_182, Adam's Song
Blink_182, All The Small Things
Blink_182, always
Blink_182, Down
Blink_182, Every Time I Look For You
Blink_182, Feeling This
Blink_182, First Date
Blink_182, I Miss You
Blink_182, I'm Lost Without You
Blink_182, Not Now
Blink_182, Stay Together For The Kids
Blink_182, The Rock Show
Green_Day, Jesus Of Suburbia
linea_77, my magic skeleton
linea_77, mi vida
linea_77, overload
Linea_77, Il Senso
Linea_77, Aspettando Meteoriti
Linea_77, Non ricordi niente
Linea_77, Evoluzione
Linea_77, Fantasma
Linea_77 Tiziano_Ferro, Sogni Risplendono
Linea_77, Gocce
Linea_77, La Nuova Musica Italiana
Linea_77, Il Mostro
Linea_77, Inno all'odio
Linea_77, Moka
Linea_77, Sempre Meglio
LINEA_77, Vertigine
MUSE, Neutron Star Collision
Muse, Time Is Running Out
My_Chemical_Romance, Welcome To The Black Parade
prodigy, omen
Prodigy, Voodoo People
Prodigy, Warrior's Dance
PRODIGY, Invaders Must Die
Scissor_Sisters, Fire With Fire
serj_tankian, lie lie lie
serj_tankian, elect the dead
Serj_Tankian, Sky Is Over
Sistem_of_a_Down, Aerials
Sistem_Of_A_Down, B.Y.O.B
Sistem_Of_A_Down, Chop Suey
Sistem_Of_A_Down, Cigaro
Sistem_of_a_down, Hypnotize
Sistem_of_a_Down, Question!
Tre_Allegri_Ragazzi_Morti, Il Mondo Prima
Gogol_Bordello, Not A Crime
Gogol_Bordello, Start Wearing Purple
Gogol_Bordello, Super Taranta!
Gogol_Bordello, Wonderlust King
Imagine_Dragons, Radioactive
Muse, Madness
﻿Acid_Pauli, Nymbiotic
Denis_Horvat, Apart 
Denis_Horvat, Exit
Alex_Niggemann, Convection 
Agents_Of_Time, Obsidian 
aGlio, Theremin
Mind_Against, Gravity
Mind_Against, Eclipse
Mind_Against , Event Horizon
Darse, Horus
Denis_Horvat, Bruto
Tale_Of_Us Ovend, Red Sky
AlexDo, Lumen
Alex_Smoke Tale_Of_Us, Dire Need
Alien_rain, Alienated A1
Antigone, Ostinato II
Antigone, Ostinato I
Apollo's_Messenger EKDK Erly_Tepshi, Hysteria 
Avi_Musaifi, Qarva
Baikal, Pelican's Flight
Boston_168, 303 Regiment
Boston_168, Acid Morning
Closed_I Distant, Aedes
Cosmin_TRG, In Your Body
Cryptik, Radiance
Cubicolor Patrice_Bäumel, Dead End Thrills
Darse, Valeant
Dast, Hypnotize
Dast, Skulkyoe
Dettmann Klock, Phantom Studies
Distant_Echoes, False Prophet
Drumcell Planetary_Assault_Systems, Departing Comfort
Dyad, From Another Place
Dubiosity Pjotr_G, Trailer Park Prophet 
Essē, Luce
Elad_Magdasi, Hell Strike
Ellen_Allien Skudge, Mind Journey
Darse, Il Tempio Degli Illuminati
Darse, Risonanze Armoniche
Mallone, The Clock in the Hall
ENØS Paul_Røux, Volcanic Stone
Etapp_Kyle, Quantum
Farrago, Her
Farrago, Trouble Will Follow 
Function, DX3 Analog Bass Seq
Gardens_of_God, Ghost
Głós, Cut Throats
Hector_Oaks, Uno A
Hush_Sleep, Amenti 
Hush_Sleep, Hathor
Hush_Sleep, Hysteria
Hush_Sleep, Ilmatar 
Hush_Sleep, Mirth
Hush_Sleep, Valdar 
Hush_Sleep, Yrsa 
Hush_Sleep, Ysteri 
Johannes_Heil, B2 EXILE007
Jon_Hester, A Distant Spark
Kangding_Ray, Summerend
Kevin_de_Vries, Eternity
Konstantin_Sibold, Mutter 
Lehar Rush_Midnight Peter_Pardeike, Number One Hero
Locked_Groove, Emeralds
Locked_Groove Scuba, Enigma
Mathame, Dance Of Light
Melody_Boy_2000, Sound Stealer
Mind_Against, Avalon
Mind_Against, Gravity
Mind_Against, Long Bright Dark
Mind_Against Somne, Vertere
Monoloc, Momentum
Monoloc, Muted
Nils_Frahm Mind_Against, Peter
nthng, It Never Ends 
nthng, Last 
nthng, Soms 
nthng, Untitled (Human PtII) 
Obscure_Shape SHDW, Die Wiederkehr
Perc Pessimist, Exit
Pisetzky, Adria
Pisetzky, Hide
Pisetzky, Self Dimension
Prince_Of_Denmark, GS
Recondite, Compel 
Recondite, EC10
Recondite, Theater II
Ricardo_Villalobos, Dexter
Rival_Consoles, Helios
Rival_Consoles, Howl
Rival_Consoles, Johannesburg
Rival_Consoles, Lone
Rival_Consoles Narrator, Recovery
Rival_Consoles, Slow Song
Rival_Consoles, Walls
Rødhåd, Helldiver
Rødhåd, The Wall
SHDW Obscure_Shape, Augen Der Nacht (Ryan James Ford Version)
SHDW Obscure_Shape Tale_Of_Us Mind_Against, Die Weisse Rose
SHDW Obscure_Shape, Ein Freund Fürs Leben
SHDW Obscure_Shape James_Ruskin, Nachtblende
Sigha, Christ Figures
Someone_Outside, Underworld
Tale_Of_Us, Destino Endless
Tale_Of_Us, Distante
Tale_Of_Us, Lies
Tale_Of_Us Mind_Against, Astral
Tale_Of_Us, North Star
Tale_Of_Us, Notte Senza Fine
Tale_Of_Us, Ricordi
Toms_Due Ambivalent, Magma
Trentemøller Sune_Rose_Wagner, Deceive
UVB, Mixtion
Vaal Locked_Groove, Wander to Hell
Varg, Nastroend
Vertical_Spectrum Abstract_Division, Alpha Magnitude
Violent, Rage For Order
Vril, Tannhauser Gate
Vril, Thronwagen
Woo_York, Alien Worlds
Yotam_Avni, Midas Touch
Woo_York, Black Rain
Kas:st, Noumene
Johannes_Heil, A1 EXILE007
Stephan_Bodzin, Sungam
Stephan_Bodzin, Strand
Re-Axis, Breath
Eomac Tommy_Four_Seven, Spectre 
Florian_Meindl Radio_Slave, 8bit Romance
Woo_York, Black Soul 
Tale_Of_Us, Silent Space
Recondite, Phalanx
Barnt Tale_Of_Us Recondite, Cherry Red
Recondite, Equilibrium
Recondite, Warg [HFT046]
Recondite, DRGN 2
Kiasmos Tale_Of_Us, Swept
matHame, Act II
matHame, Act III
PISETZKY, Viridis
Someone_Outside Mallone AntiAlias_Hourglass, Cloud Atlas
Recondite, Serak
jam spoon, the age of love watch out for stella
﻿2000_and_One, Kawasaki
Len_Faki Adam_Beyer Alan_Fitzpatrick, Human Reason
Amelie_Lens, Contradiction
Amelie_Lens, Drift
Amelie_Lens Farrago, Purge
Amelie_Lens, Paralyzed
AnD Perc, Fierce
Angy_Kore Gabriel_Padrevita, Do You Know
Ansome, Mans Head 
Anthro, Cred
AuxiliaryCompressorPlant, Disruption Of The Abysm I
Barnt, Chappell
Johannes_Heil, The Chains Of Babylon
Bastinov, Solar System
Black_Roof, Pragmatic
CJ_Bolland, The Prophet 
Charles_Fenckler, Frozen Room
Charlotte_de_Witte, Voices Of The Ancient
Charlotte_de_Witte Hans Bouffmyhre, When The Going Gets Rough
Charlton, Unforgiven
Cleric, 2nd Limit
Cleric, The Key Of Night
Clouds, Chained to a Dead Camel
Clouds Perc, Chained To A Dead Camel
DCarbone, Discernment
Demand Drumcomplex, Echoes
Earthscape, Dysnomia
Electric_Rescue, Forwer
Narciss, Einsamkeit
Emmanuel, Raven
Envoy, Dark Manoeuvres
Flug, Insects
Future_9394, Psykkowarpz
Gert_P, Ik Wil
Giacomo_Renzi, Exit
H880, KEPLER
I_Hate_Models, Daydream 
I_HATE_MODELS, Dissociative Disorders
I_Hate_Models, Warehouse Memories 
Johannes_Heil, A2 [EXILE008]
Juxta_Position, Alley Groove
Juxta_Position, Mist
Juxta_Position, One Ten
Keepsakes, Galso In Camo
Kobosil, Avernian
Kobosil, Per
Lag Truss, DHC3
Lewis_Fautzi, Synthoponic
Luca_Agnelli, Long Delay
Luca_Agnelli, Phoenix
Luca_Agnelli, Turbo
Makornik, Caw Caw
Mayeul, Dysfunctional System
Mellow_Trax, Phuture Vibes
Metope, Superimbat
Monoloc RØDHÅD, Things
Moth,   Igineci
Paula_Temple, Gegen
Perc, Look What Your Love Has Done To Me
Pfirter, The Dub Track
Phara, FTTF
P_Leone, 9V9
Regal, Rem
Remco_Beekwilder, LSD
Roman_Lindau, Rave On
Sam_Paganini Zøe, The Beat
Schwefelgelb, Es zieht mich
Slam, Vapour
Sopik, FLASH
Subjected, 0057
Tiga Dense_Pika, Planet E
Toms_Due, Calliope
Toms_Due, Stratum
Toms_Due Luca_Agnelli, The Bridge
Toms_Due, Urania
Truncate, Untitled B1
Under_Black_Helmet, Impulsive Behavior
Under_Black_Helmet, Jagged
VNP Luca_Agnelli, Wake Me Up
Works_Unit, Insulation One
YYYY, Relic
Public_Energy, Three O' Three
Drop-E, Negligencia Hemisférica
Slam, Blue Dragon
Markus Suckut, Your Head
SALVATORE_GENOVESE, Hidden Soul
Altinbas, Intonation
Christian_Wünsch, Fluid Mechanics
999999999, 300000003
Slam, Constructivism
Mattia_Trani, Rage Condition
Eonan Oliver_Deutschmann, Substanz I
Envoy Dax_J, Dark Manoeuvres
Treuhand, Shiva
I_Hate_Models, Cyanure Dance
Yotam_Avni, If You Still Want Me
TRYM, Idyllic
Trym, London Rave
Trym, Zone industrielle de Courbevoie 
Tim Tama, Sometimes I Reminisce
Trym, The summer of rave 1989
Trym, BDSM
Eomac, Spoock
Minimum_Syndicat, MASS EVACUATION
I_Hate_Models, Requiem of Desolation
Gijensu, Hyperlight
Scorp, New Energy
Giacomo Renzi, Exit
Blawan, 993
Dentis, 90's Bohemian Rave
Marco_Bailey, Nyctophilia
VRIL, Thronwagen
Vril, Vortekz
Vril, Portal 7
Pfirter, Fractales
Jeroen_Search, The Future Is Ours
DVS1, Electric
Weyner, The Voice Of Rave
Nico_Moreno, Insolent Rave
Nico_Moreno, Beyond The Limits
Niki_Istrefi, Chambers
Niki_Istrefi, red armor
Process_404, Latest Rave In The Bunker
Juxta_Position, The Darkness
Marco_Faraone, Boost
Steve_Rachmad, Disturbance
Marco_Faraone, Over The Clouds
Nathan_Fake, Fortune Bru
CONTREFAÇON, Casting
Yves_Deruyter, Back To Earth
claire, IV (Fight Against The Darkness)
claire, III (Across The Sky)
claire, II (Something Is Watching Us)
claire, I (I Want To Believe)
Brulée Claire, Conflit
Rob_Threezy, Chicago on Acid
Trym, GTA Life
Klamer, Gott segne die Säure
Negative_Return, First Light
Keith_Carnal, Hundge
Keith_Carnal, Irrational Behavior
Keith_Carnal, Keep
Keith_Carnal, Shallow
Keith_Carnal, Untold
ANGLE Luca_Agnelli, Hold Your Breath
Barnt, If She Says She Is A Healer, She Is A Healer
Bastinov Luca_Agnelli, Pentagon
Bastinov, Space Programmer
Bjarki, This 5321
Blawan, 993
Dubiosity Pjotr_G, Black Frost
Dubiosity Pjotr_G, Bootstrap
Juxta_Position, The Darkness
Christian_Smith, Force Majeure
CPI Barnt, Proceso
Danny_Daze, Pop
Dast Luca_Agnelli, Pangea
DJ_Tennis, Chirality
Dodi_Palese, Brainscapes
Fables, Burn
Narciss, Epilog
Fango, Cortex
Fango, Lampo
Fango, Medulla
Fango, Tuono
Fango, Valvae 
Fango, Vena Cava
Hedrome, Act of Confusion
I_Hate_Models, Shades of Night
I_HATE_MODELS, Sorrows of the Moon
I_Hate_Models, Totsuka No Tsurugi
James_Ruskin, DVS1
Jean_Pierre Vega, Lemont
Jeroen_Search, Dal Segno 
Johannes_Heil, Gospel Four
Johannes_Heil, Gospel Thirteen
Johannes_Heil Markus_Suckut, Gospel Twelve
Jonas_Kopp, Metatron
Jonas_Kopp, The Quantic Room
Jonas_Kopp, Where Physic Ends
Kntrl Luca_Agnelli, Stay
Levon_Vincent, Small Whole Numbered Ratios
Maarten_Mittendorff, Futura
Mathew_Jonson, Marionette
Niki_Istrefi, Red Armor
Objection, Quantum
Oscar_Mulero, Second Skin
Reform Amelie_Lens, Checkmate
Regis, Blinding Horses
Roberto, Gibbus
Rod, Hor
Roman_Poncet, Atome II
Roman_Poncet, Atome I
Shed, Day After
Shifted, White Flare
SHNGL, Transcendental Apperception
Surgeon, Atol
Tensal, Artica Maex
Tensal, Luxura
Tiefschwarz Khan Roman_Flügel, Do Me
VII_Circle Farrago, Alpha
ZIPPO, Pharaohs Line
Laval, The Emotion Machine 
Jeff_Rushin, Form 
Hemka Moteka, Apogee
Dast, Ixor
Maxime_Dangles, Our Own Choices
Luca_Agnelli, Aplu
Taraval, Topaz's Way
Reform, Atlantide
Diego_Amura, Euphausia
Alan_Fitzpatrick, A Subtle Change
Age_Of_Love Jam_&_Spoon, The Age Of Love
Steve_Parker, The Prophet
