, Das haett es frueher nicht gegeben #18
, Das haett es frueher nicht gegeben #19
Aérotique, Regen auf Asphalt
Aérotique, Schöne Neue Welt
Aérotique, Stadtkind
Aérotique, Über den Wolken
AKA_AKA Thalstroem, Relajate
Ambition², Evolution
Ambition², Surreal
Ambition², Times have changed
Ambition²,  Ensonge Augurium
Andhim, 55555
Andhim, Bermudachords
Andhim, Wallace
Aparde, Amnesie
Aparde, Eintausend Krieger
Aparde, Freiraum
Aparde, Komplex 
Aparde Mix BabelNewYork_3
Aparde, Molekular
Aparde, Other People
Aparde, Scherbensucher 
Aparde, Weltfremd
Aparde, Wind In Den Duenen 
Bacalao, Sonne My Heart
Bakermat, Vandaag 
???Basic House Ice Pop (Little Helper Edit)
???Ben_E Gem Club Twins
Ben_E, Paranoid 
???Ben Moby Why Does My Heart Feel So Bad
Bon_Iver David_Keller, I can't make you love me
Bonobo, Cirrus
Burial Four_Tet, Moth
???Canoo Whiskey Alpha Five (Good Luck)
Carl_Craig Christian_Smith, At Les
Chet_Faker, The Temper Trap Trembling Hands
???Christian_Löffler, Colo Holidays
Christian_Löffler, Groove Podcast 75
Christian_Löffler, Veiled Grey 
Christian_Loffler, IA MIX 221
Christian_Löffler Gry Mind_Against, All Comes
Cillo, Breathe
DARKSIDE, Boiler Room NYC
Daughter LCAW, Run
David_K Thomas_Lizzara, Meet You
De_Hofnar Macklemore  Ed_Sheeran, Same Love
De_Hofnar Matt_Nathanson, Love Comes Tumbling Down
De_Hofnar, Vogelvlucht
Disclosure Sam_Smith, Latch 
Electrohertz, Believe
Electrohertz, Dascha
Electrohertz Daughter, Medicine
Electrohertz Daughter, Tomorrow
Electrohertz Julia_Stone, Dear Spring  
Electrohertz, Hammock
electrohertz Stendeck, Happy Little Children Play
???Electrohertz, Imogen Heap - Hide & Seek
Electrohertz, Nautica
electrohertz Daughter, Our Children
electrohertz, saw you there thinking about my faults
Electrohertz Keaton_Henson, She need it
Electrohertz Daughter, Snowflakes
Enzo_Bennet, COLOURS
FAUL Wad_Ad, Changes
???FELIX EUL AUCH
Finkk, Hoffnung
Fink Tale_Of_Us, Make It Good
FlicFlac Edward_Sharpe, The Magnetic Zeros Home
FlicFlac Milky_Chance, Down By The River
Four_Tet, Plastic People
Fritz_Kalkbrenner, Amy was a player
Fritz_Kalkbrenner, Blackmail
Fritz_Kalkbrenner, Brumaire
Fritz_Kalkbrenner, Can't Stand the Fire 
Fritz_Kalkbrenner, Collage
Fritz_Kalkbrenner, Dead End
Fritz_Kalkbrenner, Facing The Sun
Fritz_Kalkbrenner, Grove
Fritz_Kalkbrenner, Kings in Exile
Fritz_Kalkbrenner, Last Call 
Fritz_Kalkbrenner, Layer Cake 
Fritz_Kalkbrenner, Little by little
Fritz_Kalkbrenner, Monte Rosa
Fritz_Kalkbrenner, Right In The Dark
Fritz_Kalkbrenner, Road to Philadelphia
Fritz_Kalkbrenner, Sideways Avenues
Fritz_Kalkbrenner, Thalstroem Blueprint
Fritz_Kalkbrenner Gui_Boratto, Void
Fritz_Kalkbrenner, Void
Fritz_Kalkbrenner, Was Right Been Wrong 
Fritz_Kalkbrenner, Wes
Fritz_Kalkbrenner, What I can say
Fritz_Kalkbrenner, Wichita Lineman
GAMPER_DADONI Katharina_Vogel, Wunder
Henry_Krinkle, Stay
HVOB, Fog Machine 
Hippie_Sabotage Tove_Lo, Stay High
???HRN feat Inopinel Minea Van Did
HVOB, Always Like This 
HVOB, Dogs Official Video
HVOB, Heavy Seas 
HVOB Stimming, Lion
HVOB, Moon 
HVOB, Ocean Bed
???Infinity Ink Infinity 
???James Vincent McMorrow Adventure_Club, We Don't Eat
James_Yuill, This Sweet Love
Jan_Blomqvist, Something Says 
johnjon, simple days
Jonas_Mantey, Einfach Sommer
Jonas_Mantey, Frei
Jonas_Mantey, Sie Ist Schn 
Jonas_Mantey, Stille Nacht
Jonas_Mantey, Traumtanzer
Jonas_Mantey, Wie Alles Begann
Joris_Delacroix, Air France LineSession
Joris_Delacroix, Feelings 
Joris_Delacroix, Maeva
Joris_Delacroix, Oui Mais Non
Joris_Delacroix, Slow Love
Joris_Delacroix, Subtil 
Kings_Of_Leon, Closer
Klangkarussell, Keep It Coming
Klangkarussell, Sonnentanz
Klingende, Punga
kPARK, Orku
Lexer Band_of_Horses, The Funeral
Lexer, Dream Love 
Lexer Little_Bird, Feist Caught a Long Wind
Lexer, Red Balloon
???Lexer, Sorcha Richardson Alone
Lianne Shlohmo, La Havas Forget
Listenbee, Save Me
LOCO Message_To_Bears, At The Top Of This Hill
LOCO, quedo 
Loco, Seaside
LOCO, sorry jimi 
LOCO,  Talul As Time Goes By 
Loco Thomas_Scholz, Vela
London_Grammar esteble, Hey Now
Marek_Hemmann, Compass
Marek_Hemmann, DOWN
Marek_Hemmann Fabian_Reichelt, Left
Marek_Hemmann Fabian_Reichelt, Right
MARKUS_TOEPFER, AUGENBLICK MAL
MARKUS_TOEPFER, EINFACH ANDERS
Markus_Toepfer, Floating Feeling
MARKUS_TOEPFER, KALK BRENNEN
MARKUS_TOEPFER, KINDHEITSTRAUM
MARKUS_TOEPFER, LOVESTORY
Markus_Toepfer, Monkeybrain Sanduhr
MARKUS_TOEPFER, QUANTUM QUANTUM
MARKUS_TOEPFER, THE PLACE
MARKUS_TOEPFER, TOMARKA
MARKUS_TOEPFER, WEISSER SAND
MARKUS_TOEPFER, WUNSCH
Markus_Toepfer, Kindheitstraum
Martin_Waslewski, Sir Beach A Lot
mart, Nordlicht
Marvin_Hey Ferdinand_Dreyssig, Coeur De La Nuit
Max_Manie, Sunday
Melokind, Freudentanz
Melokind, Immer Richtung Sonne
???Mista Hope Triste Sire
???mogg  xaver naudacher moon unit part 2
MONKEYBRAIN, BIOLECTRO
MONKEYBRAIN, FLASCHENPOST
Monkeybrain, Sonnenschein
Mono&Joel, Like Sunday
Mono&Joel, Paul Jackson
Mono&Joel, Still Alive
???Moritz Guhling Philippe
Mount_Kimbie, Made To Stray
Mr_Little_Jeans Arcade Fire, The Suburbs
MTNS, Lost Track of Time
???Nathan Ael He Has Chosen Exile
Naxxos, Athens
Nicolas_Jaar, El Bandido
Nicolas_Jaar, I Got A Woman
Nicolas_Jaar, Keep Me There
Nicolas_Jaar, Live at Marcy Hotel Williamsburg NY
Nicolas_Jaar, The Bees Winter Rose
Nicolas_Jaar, Variations
Nicolas_Jaar, What My Last Girl Put Me Through
Nicolas_Jaar, Wouh 
???Nicone Sascha_Braemer Narra Caje
NICO_PUSCH, MEMORIES
Nico_Pusch, You
???Nora En Pure Come With Me
???N'to Trauma ft Ethereal Worakls
Oliver_Koletzki Nagel, The Power Of Rausch
OrangeApfelsine, Denkzettel
OrangeApfelsine, Trinkwasser
Osunlade, Envision
Parra_For_Cuva Egokind Nuba
Parra_for_Cuva Anna_Naklab, Lines
Parra_For_Cuva Anna_Naklab, Small Flowerd
Parra_for_Cuva Anna_Naklab, Swept away
Parra_for_Cuva, Towards Orange
Parra_for_Cuva, Your inner workings
??? Stefan BiniakPassenger Feather on the Clyde
Paul_Kalkbrenner, Aaron
Paul_Kalkbrenner, Absynthe
Paul_Kalkbrenner, Align The Engine
Paul_kalkbrenner, Altes Kamuffel
Paul_Kalkbrenner, A Million Days
Paul_Kalkbrenner, Atzepeng 
Paul_Kalkbrenner, Azure
Paul_Kalkbrenner, Battery Park
Paul_Kalkbrenner, Bengang
Paul_Kalkbrenner, Gebrunn Gebrunn
Paul_Kalkbrenner, Bright Roller
Paul_Kalkbrenner, Bxig leise 
Paul_Kalkbrenner, Castenets
Paul_Kalkbrenner, Cloud Rider
Paul_Kalkbrenner, Cylence 412 
Paul_Kalkbrenner, Das Gezabel
Paul_Kalkbrenner, Der Ast Spink
Paul_Kalkbrenner, Der Buhold
Paul_Kalkbrenner, Der Stabsvörnern
Paul_Kalkbrenner, Des Stabes Reuse
Paul_Kalkbrenner, Dockyard
Paul_Kalkbrenner, Feed Your Head 
Paul_Kalkbrenner, Fochleise Kassette
Paul_Kalkbrenner, Freund Blase
Paul_Kalkbrenner, Gutes Nitzwerk
Paul_Kalkbrenner, La Mezcla
Paul_Kalkbrenner, Moby Wait For Me
Paul_Kalkbrenner, Moob
Paul_Kalkbrenner, Peet
Paul_Kalkbrenner, Pltscher
Paul_Kalkbrenner, Queer Fellow
Paul_Kalkbrenner, Revolte
Paul_Kalkbrenner, Sascha_Funke Mango
Paul_Kalkbrenner, Schnakeln
Paul_Kalkbrenner, Selber
Paul_Kalkbrenner, Since 77
Paul_Kalkbrenner, Sky And Sand
Paul_Kalkbrenner, Spitz Auge
paul_kalkbrenner, Square 1
Paul_Kalkbrenner, The Night
Paul_Kalkbrenner, The Palisades
Paul_Kalkbrenner, Torching
Paul_Kalkbrenner, Torted
Paul_Kalkbrenner, Train 
Paul_Kalkbrenner, Wir Werden Sehen
Paul_Kalkbrenner, Zulu
???Pedestrian Hoyle Road (Music Video)

peer_kusiv, Gelöt
peer_kusiv, Valküre
peer_kusiv, Hoch-Tief
peer_kusiv, Lenny, I Can't stop 
peer_kusiv, Kadamom
peer_kusiv, Klatsche
peer_kusiv, Knallt Rein
peer_kusiv, Mental
peer_kusiv, Natur & Techno
???Peer_Kusiv, Bedouin Soundclash Brutal Hearts
Kimbra Peer_Kusiv, Settle Down
Lenny Peer_Kusiv,  9
Peer_Kusiv, I Can´t
Peer_Kusiv, I´m Coming Home
Peer_Kusiv, Let Her Got
Peer_Kusiv, Like This
Peer_Kusiv, Locked Out
Peer_Kusiv, Rivers
Peer_Kusiv, Schweden
Peer_Kusiv, Someone Told Me
???Peter  his Girl Up the Sky
Peter_Reinhardt, Black Rabbit
Peter_Reinhardt, Early Bird
Peter_Reinhardt, Meloraja
Philipp_Poisel Mirco Niemeier, Halt Mich
Phonothek, Iron Bird
PLAMYODUL, NULL VIER
Planet_Of_Sound, We Are Together
Raffertie, Known
Red_Mystery Ron_Flatter, Jetlands
Revilo, Dream
Ripperton, Random Violence 
Robin_Schulz Handlebars
Robin_Schulz Prayer in C
Robin_Schulz Same
Robin_Schulz Sunset
Robin_Schulz Warm Minds 
Robin_Schulz Willst Du (Bootleg)
Rob_Simonsen Miss_Unique, Red
Rökurro Fejká, Svanur
???Romeo Foxtrott Memories I
Rone, Parade
Ron Flatter, Mantequilla
???Royal Ruv Pills, Coffee
SAILOR_&_I lucas_türschmann, TOUGH LOVE
Sascha_Funke, Chemin Des Figons
Sasch, Ederlezi
Scheinizzl salzach, one more
SDP ANDUSCHUS, EIGENTLICH WOLLTE ER NIE EIN LIEBESLIED SCHREIBEN
Solee, Caillou
Solomun, Gebrueder
Talul, Maya
Ten_Walls, Walking with Elephants 
The_bianca_Story Jan_Blomqvist, Dancing People Are Never Wrong
???Theophilus London Wine and Chocolates (andhim rmx)
Tom_Odell Tom_B, Another Love
Tourist, I Can't Keep Up ft Will Heard
Trinity, Beyond Wasted Time
Tube_and_Berger, K_Sanders, bring back the love
Wankelmut Emma_Louise, My Head Is A Jungle
Wankelmut, One Day
Watermät, Bullit 
Whithe, Mistakes
???Yann Tiersen, Klangkuenstler Die Elektronische Welt der Amélie
Zoo_Brazil Rasmus_Kellerman, There is Hope
Dast, Skulkyoe
Fritz_Kalkbrenner, Lose
Christian_Löffler Hundreds, Ten Headed Beast
Joris_Voorn Christian_Löffler, So Long
Dave_DK, Fade In
Christian_Löffler, fall
