Kiasmos, Bent
Kiasmos, Burnt
Kiasmos, Gaunt
Kiasmos, Lit
Kiasmos, Looped
Kiasmos, Swept
Nils_Frahm, All melody
Nils_Frahm, An Aborted Beginning
Nils_Frahm, Chant
Nils_Frahm, Circling
Nils_Frahm, Familiar live in Prague
Nils_Frahm Landline, For
Nils_Frahm, For you, toilet brushes, more
Nils_Frahm, Four Hands
Nils_Frahm, Hammers
Nils_Frahm, Immerse
NILS_FRAHM, Improvisation 
Nils_Frahm, Improvisations for coughs and a cell phone 
Nils_Frahm, Keep
Nils_Frahm, live at la Villette Sonique
Nils_Frahm, Merry
Nils_Frahm, More 
Nils_Frahm, Ode
Nils_Frahm, Said And Done 
Nils_Frahm, Says
Nils_Frahm, Some
Nils_Frahm, Wall
DJ_Fresh Sian_Evans, Louder
Example, Stay Awake
Example Wideboys, Won't Go Quietly
Jonwayne Sigma_Head, Bowser I
Massive_Attack Clark, Redlight
Modestep, Feel Good
Modestep, Sunlight
Rone, Ouija
Fatboy Slim, Praise You
Fatboy Slim, Right Here, Right Now
Chet_Faker, Cigarettes and Chocolate
Chet_Faker, Cigarettes  Loneliness
Chet_Faker, House Atriedes
Chet_Faker, I'm Into You
Chet_Faker, Jeans  Wallet
Chet_Faker Kilo_Kish, Melt
Chet_Faker, No Diggity
Chet_Faker, To Me
Flume Chet_Faker, Drop the Game
Flume Chet_Faker, Gold
Flume, Depth Charge
Flume Disclosure, You Me
Flume, Free
Flume, Heater
Flume, Helix
Flume, Holdin On
Flume Kučka, Hyperreal
Flume AlunaGeorge, Innocence
Flume Chet_Faker, Left Alone
Flume MNDR, Like Water
Flume Kai, Never Be Like You
Flume, Pika
Flume, Quirk
Flume, Collarbones Turning
Flume, Hermitude HyperParadise
Flume Lorde, Tennis Court
Flume Matt_Miller Kilter, Gravel Pit
Flume Orna, The Anthem
Flume, Yolanda Be Cool
???Flume Re Work - Seekae   Test  Recognise
???Flume Rustie Slasherr
Flume Andrew_Wyatt, Some Minds
Flume Little_Dragon, Take a Chance
Flume Isabella Manfredi TRUST, 
Flume, Warm Thoughts
Flume Moses_Sumney, Weekend feat 
Major_Lazer Amber What_So_Not, Get Free
Flume Chet_Faker, Drop the Game
Jamie_xx, Far Nearer
The_xx, Angels
The_xx, Chained
The_xx, Do You Mind
The_xx, Fantasy
The_xx, Heart Skipped A Beat
The_XX, Hot Like Fire
The_XX  Infinity
The_XX, Intro
The_xx, Missing
The_XX, Night Time
The_xx, Our Song
The_xx, Reunion
The_XX, Stars
The_xx, Sunset
The_xx, Swept Away
The_xx, Tides
The_xx, Together
The_XX, Try
The_xx, Unfold
The_xx, VCR
the_XX, Shelter
Son Lux, Change Is Everything
Son Lux, Claws
Son Lux  Do
Son Lux, Easy
Son Lux, Lanterns Lit
Son Lux, You Don't Know Me
Apparat, AshBlack Veil
Apparat, A Violent Sky
Apparat, Candil De La Calle
Apparat, Circles
Apparat, KF Thema (Pizzicato)
Apparat, Lighton
Apparat, Retina
Apparat, Sayulita
Apparat, Song of Los
Apparat, The Soft Voices Die
Apparat, Trees
Jamie_xx, All Under One Roof Raving
Jamie_xx, Gosh (Official Music Video)
Jamie_xx, Obvs
Jamie_xx, Sleep Sound
Jamie_xx Four_Tet, Lion
Jon_Hopkins Moderat, Abandon Window
Jon_Hopkins, Autumn Hill
Jon_Hopkins, Breathe This Air feat Purity Ring
Jon_Hopkins, Form by Firelight
Jon_Hopkins, Immunity
Jon_Hopkins, Purity Ring
Jon_Hopkins, Sun Harmonics
Jon_Hopkins, The Low Places
Jon_Hopkins, The Wider Sun
Jon_Hopkins, Vessel
Jon_Hopkins, We Disappear
Moderat, A New Error
Moderat, Damage Done
Moderat, GITA
Moderat, Last Time
Moderat, Let In The Light
Moderat, Milk
Moderat, Porc1
Moderat, Porc no2
Moderat, Rusty Nails
Moderat, Therapy
Moderat, This Time
The_XX, Basic Space
The_XX Jonas_Woehl, Stars
The_xx Jamie_xx, Sunset
Michael_Manning, Distort
Voin Oruwu, A-mplification
