hardstyle,hardcore
angerfist
01 Angerfist - The world will shiver(the official Masters of Hardcore 2005 anthem) -ExB.mp3
02 Angerfist - Take u back -ExB.mp3
05 Angerfist - Riotstarter.mp3
102-angerfist_-_chaos_and_evil-tip.mp3
112-angerfist_-_my_critic_fetish-tip.mp3
(11) Angerfist - Stainless Steel.mp3
Angerfist - Art Of Fighters.mp3
Angerfist - Cannibal.mp3
Angerfist - Criminally Insane.mp3
Angerfist-Dipshit.mp3
Angerfist - Live Hardcore Session.mp3
angerfist - masters of hardcore chapter xv - raise your fist.mp3
Angerfist - Megamix.mp3
Angerfist - my soldier.mp3
Angerfist - Radical (Dominator 2008 Anthem).mp3
Angerfist - Sensation Black 2007.mp3
Angerfist - Spook.mp3
Angerfist - Sting like a scorpion.mp3
Angerfist - Ubermensch.mp3
DJ Angerfist - Fuck Off.mp3
Dj Outblast - Hey Motherfuckers (Angerfist rmx).mp3
dj Outblast & Predator vs. Angerfist - Superior.mp3
Hardcore remix ( Dj Promo, Neophyte, Catscan, TMP, Tommyknocker, RTC, Angerfist and More!!) Mixed by Jules Wouters!.mp3
Human Resource - Dominator (Angerfist & Outblast Remix).mp3
Masters Of Hardcore 19 - CD2 - 17 - Angerfist - Yes.mp3
Barthezz - Infected.mp3
Barthezz - On The Move.mp3
Dark Oscillators - Superstar DJ (Original Mix)-.mp3
Evil Activities - Nobody Said It Was Easy.mp3
happy hardcore
DHT - Listen To Your Heart ( Dance Remix).mp3
DJ Mangoo - Eurodancer.mp3
Gigi D'agostino - I'll Fly With You 2007 (Gabry Ponte & Roberto Molinaro Remix).mp3
Tune Up - Ravers Fantasy.mp3
HARDCORE-(Thunderdome) - Neophyte Evil Activities - Bang bang.mp3
hardstyle
103_lowriders_-_dont_get_back.mp3
13 - Dj Duro - Phenomenon (Showtek Remix).mp3
Brennan Heart - We Are Possessed (Headhunterz Remix).mp3
Copia di 01 - Defqon One Anthem 2007 Brennan Heart vs JDX - Get Wasted (Blademasterz Rmx).mp3
D-block and s-te-fan_ft_mc_villain - keep_it_coming.mp3
D-Block & S-Te-Fan - Ride With Uz!.mp3
Deepack VS. Showtek - Like The Bass.mp3
DJ Duro & The Prophet - Shizzle The Remix (The Beholder & Max Enforcer Remix Hardstyle Mixed By DJ Zany).mp3
DJ Furax - Power (Tecktonik).mp3
Dj Noiserr vs. Deepack - The Prophecy (Qlimax Anthem Pumpin' Mix).mp3
Dj Zany - Science Religion (Qlimax Anthem 2006.mp3
[HARDSTYLE] Tatanka & Zenith - More Than a Style.mp3
Headhunterz @ Defqon.1 2008.mp3
Headhunterz - Rockin' Steady (Hardstyle Mixed By Dj Zany) - Tecktonik Tck Electro Elektro Jump Jumpstyle Hardstyle.mp3
Headhunterz Vs Abject - End Of My Existence.mp3
Headhunterz vs Abject - Scantraxx rootz.mp3
Kat - Gimme da bass (A-lusion Mix).mp3
Mr. Puta - Green Stuff [Ayatola's Jumpstyle Remix].mp3
Pingu rmx hardstyle.mp3
Roberto Molinaro - Red Code (Provenzano Dj Remix).mp3
Roberto Molinaro - Superman.mp3
Tatanka meets Headhunterz - Call it Music ( Headhunterz Q-base 2007).mp3
Technoboy - Next Dimensional World (The Qlimax 2008 Anthem).mp3
The Beholder Meets Dj Zany - Euphoria.mp3
Zanza_Labs___Control_The_Mind_WWW.CLUB_TEAM.GO.PL.mp3
Infinity - TECKTONIK VOLUME 3 CD2 - DJ DESS -.mp3
korsakoff
03 DJ D vs The Viper - Loose Control (Korsakoff Remix).mp3
Dj Outblast & Korsakoff - Face 2 face.mp3
DJ Promo & Korsakoff - Tamara.mp3
Korsakoff - My empty bottle.mp3
Outblast & Korsakoff - Calyptus.mp3
Outblast vs Korsakoff - Unleash The Wasted Beast (DJ Obfuscator Remix).mp3
Playmobitch-Hardcore For A Sweet Dream (The Viper, Stunned Guys, Art Of Fighters, Angerfist, Korsakoff, Neophyte, Evil Activities, Endymion).mp3
tecktonic Lady Tom - Tecktonik.mp3
TEcktoniK - Dj Furax - Shake it jumpstyle.mp3
!Tectonik - Dj Dess.mp3