Wiz_Khalifa, Black And Yellow
Chris_Brown Lil_Wayne Busta_Rhyme, Look At Me Now
???Crank_That - Soulja_Boy
Eminem, Lil_Wayne, No Love
Eminem, Big Weenie
Eminem Rihanna, Love The Way You Lie
Eminem, Puke
Eminem, Mockingbird
Eminem, 8 Mile
Eminem, Cleaning Out My Closet
eminem, the real slim shady
Eminem, Like Toy Soldiers
Eminem, Lose Yourself
Eminem, My Name Is
Eminem, Not Afraid
Eminem, Beautiful
eminem dido, stan
Eminemm, When I'm Gone
Fabri_Fibra, Troppi limiti
Fabri_Fibra, Che casino
Fabri_Fibra, Le ragazze (feat. Nesli)
Crookers Dargen_D'Amico Fabri_Fibra, FESTA
Fabri_Fibra, Bugiardo
Fabri_Fibra, Che Cazzata
Fabri_Fibra, Vip In Trip
Fabri_Fibra, Tranne Te
Fabri_Fibra, In Alto
Fabri_Fibra, Dieci Euro In Tasca
Fabri_Fibra Federico_Zampaglione, Incomprensioni
Fabri_Fibra Daniele_Vit, Chi Vuol Essere Fabri Fibra
Fabri_Fibra Mondo_Marcio, Abbi Fede
Fabri_Fibra, Idee Stupide
Fabri_Fibra, La soluzione
fabri_fibra, Le Donne
Fabri_Fibra, L'uomo Nel Mirino
???Fabri_Fibra, Pensieri Scomodi - 11 - Strani Pensieri
Fabri_Fibra, Speak english
fabri_fibra, su le mani
Fabri_Fibra, Vaffanculo Scemo
JLS Tinie_Tempah - Eyes Wide Shut
M.I.A., paper planes
Yung_Berg, Sexy lady
???Lunchmoney Lewis Bills Lyric Video
Macklemore, Make The Money
Macklemore, My Oh My
MACKLEMORE RYAN_LEWIS, CAN'T HOLD US
MACKLEMORE RYAN_LEWIS,   WHITE WALLS
Macklemore, Ten Thousand Hours
Macklemore, Victory Lap
MACKLEMORE RYAN_LEWIS FENCES, OTHERSIDE
Macklemore Ryan_Lewis, WINGS
Pharrell_Williams, Freedom
