Ludovico_Einaudi, A Fuoco
Ludovico_Einaudi, Al di Là Del Vetro
Ludovico_Einaudi, Ancora
Ludovico_Einaudi, Burning
Ludovico_Einaudi, Dietro Casa
Ludovico_Einaudi, Discovery At Night
Ludovico_Einaudi, divenire
Ludovico_Einaudi, DNA
Ludovico_Einaudi, Due Tramonti
Ludovico_Einaudi, Eden Roc
Ludovico_Einaudi, Elements
Ludovico_Einaudi, Experience
Ludovico_Einaudi, Fairytale
Ludovico_Einaudi, Fly
Ludovico_Einaudi, Fuori dal mondo
Ludovico_Einaudi, Giorni Dispari
Ludovico_Einaudi, I Giorni
Ludovico_Einaudi, Il viaggio d`Inverno
Ludovico_Einaudi, Indaco
Ludovico_Einaudi, In un'altra vita
Ludovico_Einaudi, Lady Labyrinth
Ludovico_Einaudi, La Linea Scura
Ludovico_Einaudi, Leo
Ludovico_Einaudi, Life
Ludovico_Einaudi, Limbo
Ludovico_Einaudi, Luce dei miei occhi
Ludovico_Einaudi, Nightbook
Ludovico_Einaudi, Nuvole Bianche
Ludovico_Einaudi, Nuvole Nere
Ludovico_Einaudi, Oltremare
Ludovico_Einaudi, Brothers 
Ludovico_Einaudi, Questa Volta
Ludovico_Einaudi, Resta Con Me
Ludovico_Einaudi, Reverie
Ludovico_Einaudi, The Tower
Ludovico_Einaudi, Time Lapse
Ludovico_Einaudi, two trees
Ludovico_Einaudi, Una Mattina
Ludovico_Einaudi, Underwood
Ludovico_Einaudi, Walk
Ludovico_Einaudi, Waterways
Ludovico_Einaudi, Vento Di Domani
Ludovico_Einaudi, The Earth Prelude
Max_Richter, Beginning and Ending
Max_Richter, Embers
Max_Richter, Infra
Max_Richter, November
Max_Richter, The Leftovers Piano Theme
Max_Richter, The Twins
Max_Richter, Vivaldi
Max_Richter, Vladimir's Blues
Max_Richter, When She Went Away
Philip_Glass, Closing
Philip_Glass, Escape!
Philip_Glass, Glassworks
Philip_Glass, Mad Rush
Philip_Glass, Metamorphosis
Philip_Glass, Movement II
Philip_Glass, Symphony No 3
Philip_Glass, The Hours Suite   Movement III
Philip_Glass, The Light
Philip_Glass,  The Poet Acts
philip_glass, violin concerto 2nd movement
Philip_Glass, Violin Concerto No1
Arvo_Pärt, Darf Ich
Arvo_Pärt, Festina Lente
Arvo_Pärt, Für Alina
Arvo_Pärt, Lamentate 10 Fragile e Conciliante
Arvo_Pärt, Lamentate 8 Lamentabile
Arvo_Pärt, Lamentate   Pregando
Arvo_Pärt, Mozart Adagio
Arvo_Pärt, Psalom
Arvo_Pärt, Solitudine stato d'animo
Arvo_Pärt, Spiegel im spiegel 
Arvo_Pärt, Spiegel im Spiegel
Arvo_Pärt, Summa for Strings
Arvo_Pärt, Symphony No 4
Arvo_Pärt, Tabula Rasa
Arvo_Pärt, Trisagion for String Orchestra
Arvo_Pärt, Wenn Bach Bienen Gezuchtet Hatte
cinematic_orchestra, arrival of the birds
Cinematic_Orchestra, That Home
Cinematic_Orchestra, Lilac Wine
Cinematic_Orchestra, Transformation
Yann_Tiersen, 7 PM
Yann_Tiersen, 8mm
Yann_Tiersen, Atlantique Nord
Yann_Tiersen, Childhood   1
Yann_Tiersen, Childhood 2
Yann_Tiersen, Comptine d'Un Autre Été
Yann_Tiersen, Déjà loin
Yann_Tiersen, Derniere
Yann_Tiersen, First Rendezvous
Yann_Tiersen, Good Bye Lenin
Yann_Tiersen, I Saw Daddy Today
Yann_Tiersen, J'y suis jamais allé
Yann_Tiersen, La Boulange
Yann_Tiersen, L'Absente
Yann_Tiersen, La Chute
Yann_Tiersen, La Crise
Yann_Tiersen, La Dispute
Yann_Tiersen, La Longue Route
Yann_Tiersen, La Noyée
Yann_Tiersen, La Plage
Yann_Tiersen, La valse d'Amélie
Yann_Tiersen, Le Banquet
Yann_Tiersen, Le Fromveur
Yann_Tiersen, Le Jour d'Avant
Yann_Tiersen, Le Matin
Yann_Tiersen, Le Moulin
Yann_Tiersen, Le Quartier
Yann_Tiersen, Loin des Villes
Yann_Tiersen, Mother And Father
Yann_Tiersen, Mother's Journey
Yann_Tiersen, Naval
Yann_Tiersen, Octobre
Yann_Tiersen, Point Mort
Yann_Tiersen, Point Zero
Yann_Tiersen, Qu'en Reste T Il
Yann_Tiersen, Rue des Cascades
Yann_Tiersen, Summer 78'
Yann_Tiersen, Sur Le Fil
Yann_Tiersen, Watching Lara
, Life in a Day Soundtrack Dawn
, Life in a Day Soundtrack Fireworks and Lanterns
Wim_Mertens, Struggle For Pleasure
Hang_Massive, Once Again
Ezio_Bosso, Six Breaths
